{
  "dataset_label": "Synthetic cohort (200 rows)",
  "generated_at": "2025-09-17T23:34:35.860503+00:00",
  "customer_count": 200,
  "churn_rate": 0.22,
  "monthly_recurring_revenue": 3728.4700000000003,
  "at_risk_threshold": 0.6,
  "at_risk_count": 36,
  "at_risk_share": 0.18,
  "revenue_at_risk_6m": 3042.2999999999993,
  "weighted_revenue_at_risk_6m": 4017.9757661911885,
  "rule_metrics": {
    "accuracy": 0.825,
    "precision": 0.6,
    "recall": 0.6136363636363636,
    "true_positive": 27.0,
    "true_negative": 138.0,
    "false_positive": 18.0,
    "false_negative": 17.0
  },
  "logistic_metrics": {
    "accuracy": 0.9666666666666667,
    "precision": 1.0,
    "recall": 0.8461538461538461,
    "f1": 0.9166666666666666
  },
  "segment_highlights": {
    "tenure": {
      "tenure_bucket": [
        "0-6",
        "7-12",
        "13-24",
        "25-36",
        "36+"
      ],
      "churn_rate": [
        0.576,
        0.37,
        0.123,
        0.093,
        NaN
      ],
      "avg_monthly_spend": [
        18.137,
        20.357,
        19.48,
        17.522,
        NaN
      ],
      "avg_support_tickets": [
        1.273,
        1.148,
        1.354,
        1.68,
        NaN
      ],
      "avg_churn_probability": [
        0.56,
        0.348,
        0.144,
        0.09,
        NaN
      ],
      "customers": [
        33,
        27,
        65,
        75,
        0
      ]
    },
    "inactivity": {
      "inactivity_bucket": [
        "0-14 days",
        "15-30",
        "31-60",
        "60+"
      ],
      "churn_rate": [
        0.0,
        0.056,
        0.414,
        NaN
      ],
      "avg_monthly_spend": [
        17.372,
        18.137,
        19.521,
        NaN
      ],
      "avg_support_tickets": [
        1.404,
        1.352,
        1.495,
        NaN
      ],
      "avg_churn_probability": [
        0.009,
        0.072,
        0.401,
        NaN
      ],
      "customers": [
        47,
        54,
        99,
        0
      ]
    },
    "support": {
      "support_bucket": [
        "0",
        "1-2",
        "3-5",
        "6+"
      ],
      "churn_rate": [
        0.12,
        0.225,
        0.316,
        1.0
      ],
      "avg_monthly_spend": [
        18.222,
        18.953,
        18.61,
        6.37
      ],
      "avg_last_login_days": [
        28.42,
        31.162,
        30.105,
        24.0
      ],
      "avg_churn_probability": [
        0.129,
        0.222,
        0.322,
        0.725
      ],
      "customers": [
        50,
        111,
        38,
        1
      ]
    },
    "plan_profile": {
      "plan_type": [
        "Basic",
        "Premium",
        "Standard"
      ],
      "churn_rate": [
        0.279,
        0.279,
        0.146
      ],
      "avg_monthly_spend": [
        17.741,
        18.066,
        19.609
      ],
      "avg_support_tickets": [
        1.588,
        1.186,
        1.438
      ],
      "avg_churn_probability": [
        0.261,
        0.263,
        0.168
      ],
      "customers": [
        68,
        43,
        89
      ]
    }
  },
  "report_html": "churn_analysis_report.html",
  "figures": {
    "plan_churn_rate": "plan_churn_rate.png",
    "tenure_distribution": "tenure_distribution.png",
    "feature_correlations": "feature_correlations.png",
    "correlation_heatmap": "correlation_heatmap.png",
    "monthly_spend_by_churn": "monthly_spend_by_churn.png",
    "support_tickets_by_churn": "support_tickets_by_churn.png",
    "logistic_probability_distribution": "logistic_probability_distribution.png",
    "tenure_vs_last_login_scatter": "tenure_vs_last_login_scatter.png",
    "numeric_pairplot": "numeric_pairplot.png"
  },
  "feature_ranking": {
    "feature": [
      "last_login_days",
      "tenure_months",
      "monthly_spend",
      "support_tickets"
    ],
    "correlation": [
      0.492,
      -0.41,
      -0.228,
      0.207
    ],
    "mean_delta_vs_retained": [
      20.001,
      -9.988,
      -4.775,
      0.637
    ],
    "mutual_information": [
      0.163,
      0.118,
      0.03,
      0.031
    ]
  },
  "logistic_coefficients": {
    "feature": [
      "last_login_days",
      "tenure_months",
      "plan=Standard",
      "monthly_spend",
      "support_tickets",
      "plan=Premium"
    ],
    "coefficient": [
      2.763,
      -2.012,
      -1.916,
      -1.528,
      1.232,
      0.692
    ],
    "odds_ratio": [
      15.85,
      0.13,
      0.15,
      0.22,
      3.43,
      2.0
    ]
  }
}